1,000724.jpg
1,001355.jpg
1,001429.jpg
1,002069.jpg
1,002331.jpg
1,002749.jpg
1,002876.jpg
1,003395.jpg
1,003937.jpg
1,004102.jpg
1,005628.jpg
1,006571.jpg
1,007092.jpg
1,008299.jpg
1,009864.jpg
1,011380.jpg
1,012458.jpg
1,013268.jpg
1,013654.jpg
1,015333.jpg
1,015417.jpg
1,015635.jpg
1,017286.jpg
1,017394.jpg
1,017704.jpg
1,018166.jpg
1,018890.jpg
1,019217.jpg
1,019379.jpg
1,019677.jpg
1,019823.jpg
1,020453.jpg
1,022817.jpg
1,024263.jpg
1,024677.jpg
1,024814.jpg
1,024868.jpg
1,024979.jpg
1,025191.jpg
1,026338.jpg
1,028036.jpg
1,028486.jpg
1,029016.jpg
1,029100.jpg
1,029667.jpg
1,030226.jpg
1,030359.jpg
1,031388.jpg
1,031621.jpg
1,033355.jpg
1,034273.jpg
1,035089.jpg
1,035140.jpg
1,036714.jpg
2,001731.jpg
2,002482.jpg
2,003258.jpg
2,004286.jpg
2,005808.jpg
2,008280.jpg
2,008757.jpg
2,011034.jpg
2,014105.jpg
2,016264.jpg
2,016811.jpg
2,017416.jpg
2,018401.jpg
2,019858.jpg
2,021846.jpg
2,022841.jpg
2,023744.jpg
2,023909.jpg
2,024087.jpg
2,025704.jpg
2,028819.jpg
2,029916.jpg
2,031267.jpg
2,034505.jpg
2,035448.jpg
2,035805.jpg